id,city,date,year,month,temperature,minimum,maximum,temp_range,precipitation,is_rain,conditions
1,Chicago,2020-07-01,2020,7,80.4,73.7,87.3,13.599999999999994,0.0,False,partially cloudy
2,Chicago,2020-08-01,2020,8,74.1,70.0,79.2,9.200000000000003,0.047,True,"rain, partially cloudy"
3,Chicago,2020-09-01,2020,9,71.5,69.4,75.4,6.0,0.308,True,"rain, partially cloudy"
4,Chicago,2020-10-01,2020,10,51.7,48.1,56.2,8.100000000000001,0.244,True,"rain, partially cloudy"
5,Chicago,2020-11-01,2020,11,40.3,31.9,54.5,22.6,0.0,False,partially cloudy
6,Chicago,2020-12-01,2020,12,29.4,26.1,33.6,7.5,0.0,False,partially cloudy
7,Chicago,2021-01-01,2021,1,30.8,24.0,35.2,11.200000000000003,0.277,True,"snow, rain, overcast"
8,Chicago,2021-02-01,2021,2,29.0,23.3,33.0,9.7,0.0,False,partially cloudy
9,Chicago,2021-03-01,2021,3,30.2,24.7,34.5,9.8,0.0,False,partially cloudy
10,Chicago,2021-04-01,2021,4,32.8,25.4,38.1,12.700000000000003,0.0,False,partially cloudy
11,Chicago,2021-05-01,2021,5,62.7,42.5,83.9,41.400000000000006,0.0,False,partially cloudy
12,Chicago,2021-06-01,2021,6,64.5,50.9,75.4,24.500000000000007,0.0,False,partially cloudy
13,Chicago,2021-07-01,2021,7,70.5,62.2,76.3,14.099999999999994,0.093,True,"rain, partially cloudy"
14,Chicago,2021-08-01,2021,8,71.4,66.5,75.6,9.099999999999994,0.0,False,partially cloudy
15,Chicago,2021-09-01,2021,9,73.1,66.7,76.6,9.899999999999991,0.0,False,partially cloudy
16,Chicago,2021-10-01,2021,10,72.7,61.7,85.4,23.700000000000003,0.0,False,partially cloudy
17,Chicago,2021-11-01,2021,11,41.5,35.1,47.7,12.600000000000001,0.0,False,partially cloudy
18,Chicago,2021-12-01,2021,12,43.2,35.1,47.9,12.799999999999997,0.0,False,overcast
19,Chicago,2022-01-01,2022,1,34.8,29.6,40.9,11.299999999999997,0.09,True,"snow, rain, overcast"
20,Chicago,2022-02-01,2022,2,39.4,33.8,46.3,12.5,0.07,True,"snow, rain, partially cloudy"
21,Chicago,2022-03-01,2022,3,43.3,37.0,51.2,14.200000000000003,0.0,False,partially cloudy
22,Chicago,2022-04-01,2022,4,37.4,32.8,44.9,12.100000000000001,0.004,True,"snow, rain, partially cloudy"
23,Chicago,2022-05-01,2022,5,53.7,51.5,59.9,8.399999999999999,0.0,False,overcast
24,Chicago,2022-06-01,2022,6,69.7,61.6,80.3,18.699999999999996,0.167,True,"rain, partially cloudy"
25,Chicago,2022-07-01,2022,7,76.5,70.8,83.0,12.200000000000003,0.0,False,partially cloudy
26,Chicago,2022-08-01,2022,8,80.2,74.5,86.9,12.400000000000006,0.0,False,partially cloudy
27,Chicago,2022-09-01,2022,9,79.1,69.2,88.5,19.299999999999997,0.0,False,partially cloudy
28,Chicago,2022-10-01,2022,10,60.5,52.4,68.4,16.000000000000007,0.0,False,clear
29,Chicago,2022-11-01,2022,11,57.2,46.6,69.5,22.9,0.0,False,clear
30,Chicago,2022-12-01,2022,12,27.1,18.0,35.4,17.4,0.0,False,partially cloudy
31,Chicago,2023-01-01,2023,1,41.1,37.1,44.2,7.100000000000001,0.115,True,"rain, overcast"
32,Chicago,2023-02-01,2023,2,17.6,6.2,27.9,21.7,0.0,False,clear
33,Chicago,2023-03-01,2023,3,46.5,38.4,56.7,18.300000000000004,0.117,True,"rain, partially cloudy"
34,Chicago,2023-04-01,2023,4,40.7,35.6,53.8,18.199999999999996,0.05,True,"rain, partially cloudy"
35,Chicago,2023-05-01,2023,5,44.0,40.6,49.9,9.299999999999997,0.068,True,"rain, overcast"
36,Chicago,2023-06-01,2023,6,78.3,69.2,89.5,20.299999999999997,0.1,True,"rain, partially cloudy"
37,Chicago,2023-07-01,2023,7,77.1,72.8,84.2,11.400000000000006,0.07,True,"rain, partially cloudy"
38,Chicago,2023-08-01,2023,8,76.7,69.0,84.0,15.0,0.0,False,partially cloudy
39,Chicago,2023-09-01,2023,9,71.7,59.7,82.6,22.89999999999999,0.0,False,clear
40,Chicago,2023-10-01,2023,10,72.8,62.6,84.0,21.4,0.0,False,clear
41,Chicago,2023-11-01,2023,11,35.7,28.1,40.8,12.699999999999996,0.0,False,partially cloudy
42,Chicago,2023-12-01,2023,12,43.6,41.9,45.3,3.3999999999999986,0.694,True,"rain, overcast"
43,Chicago,2024-01-01,2024,1,31.6,28.3,33.4,5.099999999999998,0.0,False,overcast
44,Chicago,2024-02-01,2024,2,41.4,35.6,55.1,19.5,0.0,False,partially cloudy
45,Chicago,2024-03-01,2024,3,40.4,31.6,46.3,14.699999999999996,0.0,False,partially cloudy
46,Chicago,2024-04-01,2024,4,45.1,43.3,47.9,4.600000000000001,0.555,True,"rain, overcast"
47,Chicago,2024-05-01,2024,5,70.0,63.6,76.1,12.499999999999993,0.003,True,"rain, partially cloudy"
48,Chicago,2024-06-01,2024,6,65.2,61.8,68.9,7.1000000000000085,0.613,True,"rain, overcast"
49,Chicago,2024-07-01,2024,7,66.7,59.1,73.2,14.100000000000001,0.0,False,partially cloudy
50,Chicago,2024-08-01,2024,8,79.7,72.8,87.6,14.799999999999997,0.412,True,"rain, partially cloudy"
51,Chicago,2024-09-01,2024,9,71.1,66.0,75.7,9.700000000000003,0.0,False,clear
52,Chicago,2024-10-01,2024,10,65.3,56.5,69.6,13.099999999999994,0.0,False,partially cloudy
53,Chicago,2024-11-01,2024,11,45.7,39.6,53.5,13.899999999999999,0.0,False,partially cloudy
54,Chicago,2024-12-01,2024,12,20.4,14.8,27.4,12.599999999999998,0.0,False,clear
55,Chicago,2025-01-01,2025,1,30.0,24.8,35.3,10.499999999999996,0.037,True,"snow, rain, overcast"
56,Chicago,2025-02-01,2025,2,32.0,30.2,34.6,4.400000000000002,0.0,False,partially cloudy
57,Chicago,2025-03-01,2025,3,28.0,23.3,35.3,11.999999999999996,0.0,False,partially cloudy
58,Chicago,2025-04-01,2025,4,39.9,34.7,46.2,11.5,0.0,False,partially cloudy
59,Chicago,2025-05-01,2025,5,60.0,52.1,69.7,17.6,0.285,True,"rain, overcast"
60,Chicago,2025-06-01,2025,6,57.9,47.9,65.7,17.800000000000004,0.0,False,partially cloudy
61,Chicago,2025-07-01,2025,7,79.8,71.5,87.5,16.0,0.0,False,partially cloudy
123,Des Moines,2020-07-01,2020,7,75.6,70.0,81.5,11.5,0.009,True,"rain, partially cloudy"
124,Des Moines,2020-08-01,2020,8,72.5,61.3,82.4,21.10000000000001,0.0,False,partially cloudy
125,Des Moines,2020-09-01,2020,9,64.9,61.3,70.2,8.900000000000006,0.071,True,"rain, partially cloudy"
126,Des Moines,2020-10-01,2020,10,52.9,48.0,57.9,9.899999999999999,0.0,False,partially cloudy
127,Des Moines,2020-11-01,2020,11,37.5,29.0,44.9,15.899999999999999,0.0,False,clear
128,Des Moines,2020-12-01,2020,12,26.8,14.6,41.9,27.299999999999997,0.0,False,clear
129,Des Moines,2021-01-01,2021,1,21.2,17.9,24.3,6.400000000000002,0.0,False,partially cloudy
130,Des Moines,2021-02-01,2021,2,25.4,19.0,28.9,9.899999999999999,0.0,False,partially cloudy
131,Des Moines,2021-03-01,2021,3,27.9,20.5,34.9,14.399999999999999,0.0,False,clear
132,Des Moines,2021-04-01,2021,4,34.0,20.3,46.2,25.900000000000002,0.0,False,clear
133,Des Moines,2021-05-01,2021,5,73.4,58.1,86.9,28.800000000000004,0.0,False,partially cloudy
134,Des Moines,2021-06-01,2021,6,65.5,53.2,77.0,23.799999999999997,0.0,False,partially cloudy
135,Des Moines,2021-07-01,2021,7,77.0,66.2,86.9,20.700000000000003,0.0,False,partially cloudy
136,Des Moines,2021-08-01,2021,8,71.7,62.1,80.4,18.300000000000004,0.0,False,clear
137,Des Moines,2021-09-01,2021,9,69.5,60.5,79.7,19.200000000000003,0.0,False,clear
138,Des Moines,2021-10-01,2021,10,69.0,64.1,75.8,11.700000000000003,0.003,True,"rain, partially cloudy"
139,Des Moines,2021-11-01,2021,11,38.3,31.1,46.4,15.299999999999997,0.0,False,partially cloudy
140,Des Moines,2021-12-01,2021,12,49.6,38.8,61.0,22.200000000000003,0.018,True,"rain, partially cloudy"
141,Des Moines,2022-01-01,2022,1,4.5,1.9,12.0,10.1,0.124,False,"snow, partially cloudy"
142,Des Moines,2022-02-01,2022,2,30.1,16.7,41.9,25.2,0.0,False,partially cloudy
143,Des Moines,2022-03-01,2022,3,47.9,34.0,63.3,29.299999999999997,0.0,False,partially cloudy
144,Des Moines,2022-04-01,2022,4,36.4,23.4,49.1,25.700000000000003,0.0,False,partially cloudy
145,Des Moines,2022-05-01,2022,5,47.3,43.0,51.3,8.299999999999997,0.011,True,"rain, overcast"
146,Des Moines,2022-07-01,2022,7,74.0,68.6,79.0,10.400000000000006,0.07,True,"rain, partially cloudy"
147,Des Moines,2022-08-01,2022,8,80.5,70.0,91.5,21.5,0.0,False,partially cloudy
148,Des Moines,2022-09-01,2022,9,74.5,68.0,84.3,16.299999999999997,0.226,True,"rain, partially cloudy"
149,Des Moines,2022-10-01,2022,10,60.9,47.2,73.2,26.0,0.0,False,partially cloudy
150,Des Moines,2022-11-01,2022,11,57.7,42.2,76.1,33.89999999999999,0.0,False,clear
151,Des Moines,2022-12-01,2022,12,28.8,13.5,44.9,31.4,0.0,False,partially cloudy
152,Des Moines,2023-01-01,2023,1,35.2,27.3,41.9,14.599999999999998,0.0,False,partially cloudy
153,Des Moines,2023-02-01,2023,2,22.4,10.4,36.3,25.9,0.0,False,clear
154,Des Moines,2023-03-01,2023,3,39.1,28.4,53.4,25.0,0.0,False,partially cloudy
155,Des Moines,2023-04-01,2023,4,40.7,32.9,51.5,18.6,0.0,False,partially cloudy
156,Des Moines,2023-05-01,2023,5,51.6,41.0,61.0,20.0,0.0,False,partially cloudy
157,Des Moines,2023-06-01,2023,6,70.6,66.7,81.7,15.0,0.74,True,"rain, partially cloudy"
158,Des Moines,2023-07-01,2023,7,72.6,69.5,76.5,7.0,0.121,True,"rain, partially cloudy"
159,Des Moines,2023-08-01,2023,8,77.1,68.1,86.0,17.900000000000006,0.014,True,"rain, partially cloudy"
160,Des Moines,2023-09-01,2023,9,71.7,57.3,87.0,29.700000000000003,0.0,False,clear
161,Des Moines,2023-10-01,2023,10,77.6,63.2,90.7,27.5,0.0,False,partially cloudy
162,Des Moines,2023-11-01,2023,11,33.2,20.5,47.8,27.299999999999997,0.0,False,partially cloudy
163,Des Moines,2023-12-01,2023,12,34.4,30.7,38.1,7.400000000000002,0.0,False,partially cloudy
164,Des Moines,2024-01-01,2024,1,27.2,23.0,34.0,11.0,0.0,False,partially cloudy
165,Des Moines,2024-02-01,2024,2,42.8,34.0,56.2,22.200000000000003,0.0,False,partially cloudy
166,Des Moines,2024-03-01,2024,3,43.2,31.5,55.2,23.700000000000003,0.0,False,clear
167,Des Moines,2024-04-01,2024,4,45.8,42.5,47.5,5.0,0.057,True,"rain, overcast"
168,Des Moines,2024-05-01,2024,5,59.3,50.9,66.2,15.300000000000004,0.046,True,"rain, partially cloudy"
169,Des Moines,2024-06-01,2024,6,72.5,64.2,80.8,16.599999999999994,0.0,False,partially cloudy
170,Des Moines,2024-07-01,2024,7,66.6,60.5,72.3,11.799999999999997,0.0,False,partially cloudy
171,Des Moines,2024-08-01,2024,8,77.9,70.0,85.5,15.5,0.0,False,partially cloudy
172,Des Moines,2024-09-01,2024,9,70.2,62.5,77.4,14.900000000000006,0.0,False,clear
173,Des Moines,2024-10-01,2024,10,60.9,51.5,68.9,17.400000000000006,0.0,False,partially cloudy
174,Des Moines,2024-11-01,2024,11,44.3,32.4,57.7,25.300000000000004,0.0,False,clear
175,Des Moines,2024-12-01,2024,12,21.1,15.6,27.7,12.1,0.0,False,partially cloudy
176,Des Moines,2025-01-01,2025,1,28.4,23.6,32.0,8.399999999999999,0.0,False,partially cloudy
177,Des Moines,2025-02-01,2025,2,35.6,29.5,40.5,11.0,0.0,False,partially cloudy
178,Des Moines,2025-03-01,2025,3,26.1,19.9,32.0,12.100000000000001,0.0,False,partially cloudy
179,Des Moines,2025-04-01,2025,4,41.6,34.7,47.5,12.799999999999997,0.009,True,"rain, partially cloudy"
180,Des Moines,2025-05-01,2025,5,57.3,52.7,66.0,13.299999999999997,0.018,True,"rain, partially cloudy"
181,Des Moines,2025-06-01,2025,6,69.6,59.4,80.2,20.800000000000004,0.0,False,partially cloudy
182,Des Moines,2025-07-01,2025,7,75.8,65.5,86.0,20.5,0.0,False,clear
183,Indianapolis,2020-07-01,2020,7,79.4,70.5,88.8,18.299999999999997,0.0,False,partially cloudy
184,Indianapolis,2020-08-01,2020,8,69.6,65.8,73.9,8.100000000000009,0.127,True,"rain, overcast"
185,Indianapolis,2020-09-01,2020,9,74.2,67.8,80.8,13.0,0.0,False,partially cloudy
186,Indianapolis,2020-10-01,2020,10,53.5,44.1,63.1,19.0,0.0,False,partially cloudy
187,Indianapolis,2020-11-01,2020,11,43.4,32.6,53.4,20.799999999999997,0.0,False,partially cloudy
188,Indianapolis,2020-12-01,2020,12,29.4,24.3,33.1,8.8,0.0,False,partially cloudy
189,Indianapolis,2021-01-01,2021,1,34.4,26.6,42.5,15.899999999999999,0.709,True,"snow, rain, overcast"
190,Indianapolis,2021-02-01,2021,2,28.4,24.3,31.4,7.099999999999998,0.013,True,"snow, rain, partially cloudy"
191,Indianapolis,2021-03-01,2021,3,35.8,29.0,43.5,14.5,0.0,False,partially cloudy
192,Indianapolis,2021-04-01,2021,4,32.7,27.5,38.0,10.5,0.0,False,partially cloudy
193,Indianapolis,2021-05-01,2021,5,56.0,38.8,73.6,34.8,0.0,False,clear
194,Indianapolis,2021-06-01,2021,6,66.3,58.8,74.1,15.299999999999997,0.0,False,partially cloudy
195,Indianapolis,2021-07-01,2021,7,74.5,67.9,83.8,15.899999999999991,2.142,True,"rain, partially cloudy"
196,Indianapolis,2021-08-01,2021,8,69.5,61.0,79.6,18.599999999999994,0.011,True,"rain, partially cloudy"
197,Indianapolis,2021-09-01,2021,9,72.9,66.7,80.7,14.0,0.0,False,partially cloudy
198,Indianapolis,2021-10-01,2021,10,67.7,57.1,79.9,22.800000000000004,0.0,False,partially cloudy
199,Indianapolis,2021-11-01,2021,11,42.2,36.0,48.5,12.5,0.0,False,partially cloudy
200,Indianapolis,2021-12-01,2021,12,40.9,32.1,48.8,16.699999999999996,0.175,True,"rain, partially cloudy"
201,Indianapolis,2022-01-01,2022,1,49.0,39.7,60.4,20.699999999999996,0.55,True,"rain, overcast"
202,Indianapolis,2022-02-01,2022,2,45.0,31.4,57.9,26.5,0.0,False,partially cloudy
203,Indianapolis,2022-03-01,2022,3,49.7,38.9,64.4,25.500000000000007,0.0,False,partially cloudy
204,Indianapolis,2022-04-01,2022,4,37.3,33.5,43.0,9.5,0.015,True,"snow, rain, partially cloudy"
205,Indianapolis,2022-05-01,2022,5,60.5,55.1,65.1,9.999999999999993,1.095,True,"rain, partially cloudy"
206,Indianapolis,2022-06-01,2022,6,76.9,70.9,84.3,13.399999999999991,0.075,True,"rain, partially cloudy"
207,Indianapolis,2022-07-01,2022,7,82.1,72.0,93.7,21.700000000000003,0.002,True,"rain, partially cloudy"
208,Indianapolis,2022-08-01,2022,8,77.2,67.9,87.3,19.39999999999999,0.254,True,"rain, partially cloudy"
209,Indianapolis,2022-09-01,2022,9,74.0,61.7,85.4,23.700000000000003,0.0,False,partially cloudy
210,Indianapolis,2022-10-01,2022,10,59.7,46.9,74.1,27.199999999999996,0.0,False,clear
211,Indianapolis,2022-11-01,2022,11,58.1,52.5,67.5,15.0,0.0,False,partially cloudy
212,Indianapolis,2022-12-01,2022,12,27.6,19.4,37.0,17.6,0.0,False,partially cloudy
213,Indianapolis,2023-01-01,2023,1,47.2,40.3,52.0,11.700000000000003,0.0,False,overcast
214,Indianapolis,2023-02-01,2023,2,20.1,10.9,28.6,17.700000000000003,0.0,False,partially cloudy
215,Indianapolis,2023-03-01,2023,3,53.8,38.7,74.7,36.0,0.0,False,partially cloudy
216,Indianapolis,2023-04-01,2023,4,46.8,39.2,57.2,18.0,0.206,True,"rain, partially cloudy"
217,Indianapolis,2023-05-01,2023,5,42.8,40.3,46.3,6.0,0.273,True,"rain, overcast"
218,Indianapolis,2023-06-01,2023,6,76.9,65.1,87.3,22.200000000000003,0.0,False,partially cloudy
219,Indianapolis,2023-07-01,2023,7,75.0,68.5,84.7,16.200000000000003,0.858,True,"rain, partially cloudy"
220,Indianapolis,2023-08-01,2023,8,72.0,61.3,82.1,20.799999999999997,0.0,False,partially cloudy
221,Indianapolis,2023-09-01,2023,9,69.8,56.2,82.6,26.39999999999999,0.0,False,clear
222,Indianapolis,2023-10-01,2023,10,70.6,58.2,83.9,25.700000000000003,0.0,False,clear
223,Indianapolis,2023-11-01,2023,11,36.2,29.9,45.4,15.5,0.0,False,partially cloudy
224,Indianapolis,2023-12-01,2023,12,46.4,42.5,50.0,7.5,0.325,True,"rain, overcast"
225,Indianapolis,2024-01-01,2024,1,34.6,32.5,38.1,5.600000000000001,0.0,False,overcast
226,Indianapolis,2024-02-01,2024,2,41.6,32.6,52.7,20.1,0.0,False,partially cloudy
227,Indianapolis,2024-03-01,2024,3,37.3,30.7,43.4,12.7,0.0,False,partially cloudy
228,Indianapolis,2024-04-01,2024,4,57.8,48.1,65.3,17.199999999999996,0.787,True,"rain, overcast"
229,Indianapolis,2024-05-01,2024,5,69.7,58.5,80.9,22.400000000000006,0.0,False,partially cloudy
230,Indianapolis,2024-06-01,2024,6,65.9,62.9,72.6,9.699999999999996,0.22,True,"rain, partially cloudy"
231,Indianapolis,2024-07-01,2024,7,65.9,55.0,75.4,20.400000000000006,0.0,False,partially cloudy
232,Indianapolis,2024-08-01,2024,8,76.9,71.4,88.2,16.799999999999997,0.198,True,"rain, partially cloudy"
233,Indianapolis,2024-09-01,2024,9,72.6,62.4,83.9,21.500000000000007,0.0,False,clear
234,Indianapolis,2024-10-01,2024,10,67.0,57.6,79.4,21.800000000000004,0.0,False,partially cloudy
235,Indianapolis,2024-11-01,2024,11,47.0,39.8,54.6,14.800000000000004,0.0,False,clear
236,Indianapolis,2024-12-01,2024,12,23.8,18.8,29.3,10.5,0.0,False,partially cloudy
237,Indianapolis,2025-01-01,2025,1,33.4,30.7,36.7,6.0000000000000036,0.199,True,"snow, rain, overcast"
238,Indianapolis,2025-02-01,2025,2,33.7,28.2,39.2,11.000000000000004,0.0,False,partially cloudy
239,Indianapolis,2025-03-01,2025,3,31.5,21.2,46.3,25.099999999999998,0.0,False,partially cloudy
240,Indianapolis,2025-04-01,2025,4,41.5,30.4,52.6,22.200000000000003,0.0,False,partially cloudy
241,Indianapolis,2025-05-01,2025,5,68.9,65.7,74.1,8.399999999999991,0.046,True,"rain, partially cloudy"
242,Indianapolis,2025-06-01,2025,6,59.5,43.9,74.5,30.6,0.0,False,partially cloudy
243,Indianapolis,2025-07-01,2025,7,78.6,70.4,85.4,15.0,0.108,True,"rain, partially cloudy"
62,Minneapolis,2020-07-01,2020,7,80.2,73.5,87.0,13.5,0.0,False,partially cloudy
63,Minneapolis,2020-08-01,2020,8,73.3,64.6,80.4,15.800000000000011,0.063,True,"rain, partially cloudy"
64,Minneapolis,2020-09-01,2020,9,64.1,57.5,71.1,13.599999999999994,0.0,False,partially cloudy
65,Minneapolis,2020-10-01,2020,10,49.1,44.5,54.3,9.799999999999997,0.019,True,"rain, partially cloudy"
66,Minneapolis,2020-11-01,2020,11,31.5,26.2,38.0,11.8,0.0,False,partially cloudy
67,Minneapolis,2020-12-01,2020,12,23.9,15.1,36.4,21.299999999999997,0.0,False,clear
68,Minneapolis,2021-01-01,2021,1,17.6,12.2,22.3,10.100000000000001,0.041,False,"snow, partially cloudy"
69,Minneapolis,2021-02-01,2021,2,25.6,22.1,29.2,7.099999999999998,0.0,False,overcast
70,Minneapolis,2021-03-01,2021,3,18.6,13.2,23.6,10.400000000000002,0.018,False,"snow, partially cloudy"
71,Minneapolis,2021-04-01,2021,4,31.9,20.0,44.2,24.200000000000003,0.0,False,clear
72,Minneapolis,2021-05-01,2021,5,70.6,53.6,86.9,33.300000000000004,0.0,False,partially cloudy
73,Minneapolis,2021-06-01,2021,6,66.6,52.0,77.7,25.700000000000003,0.0,False,clear
74,Minneapolis,2021-07-01,2021,7,77.4,67.1,87.0,19.900000000000006,0.0,False,partially cloudy
75,Minneapolis,2021-08-01,2021,8,71.1,61.7,79.1,17.39999999999999,0.0,False,partially cloudy
76,Minneapolis,2021-09-01,2021,9,68.8,59.3,78.2,18.900000000000006,0.0,False,clear
77,Minneapolis,2021-10-01,2021,10,71.4,64.5,78.2,13.700000000000003,0.067,True,"rain, partially cloudy"
78,Minneapolis,2021-11-01,2021,11,38.2,33.2,41.8,8.599999999999994,0.0,False,partially cloudy
79,Minneapolis,2021-12-01,2021,12,42.9,35.5,51.3,15.799999999999997,0.134,True,"rain, partially cloudy"
80,Minneapolis,2022-01-01,2022,1,-6.6,-10.5,0.4,10.9,0.0,False,partially cloudy
81,Minneapolis,2022-02-01,2022,2,18.7,3.1,34.3,31.199999999999996,0.0,False,partially cloudy
82,Minneapolis,2022-03-01,2022,3,34.4,29.9,39.5,9.600000000000001,0.0,False,partially cloudy
83,Minneapolis,2022-04-01,2022,4,34.0,23.1,44.6,21.5,0.0,False,partially cloudy
84,Minneapolis,2022-05-01,2022,5,45.4,42.7,47.7,5.0,0.146,True,"rain, overcast"
85,Minneapolis,2022-06-01,2022,6,60.8,50.5,68.7,18.200000000000003,0.0,False,partially cloudy
86,Minneapolis,2022-07-01,2022,7,74.3,62.7,84.5,21.799999999999997,0.0,False,clear
87,Minneapolis,2022-08-01,2022,8,75.4,66.3,84.0,17.700000000000003,0.0,False,partially cloudy
88,Minneapolis,2022-09-01,2022,9,77.4,66.1,88.4,22.30000000000001,0.0,False,clear
89,Minneapolis,2022-10-01,2022,10,61.8,56.6,69.7,13.100000000000001,0.002,True,"rain, partially cloudy"
90,Minneapolis,2022-11-01,2022,11,54.6,40.1,70.3,30.199999999999996,0.0,False,clear
91,Minneapolis,2022-12-01,2022,12,21.2,7.1,32.2,25.1,0.0,False,partially cloudy
92,Minneapolis,2023-01-01,2023,1,28.2,22.5,35.1,12.600000000000001,0.0,False,partially cloudy
93,Minneapolis,2023-02-01,2023,2,10.3,-0.5,19.6,20.1,0.0,False,partially cloudy
94,Minneapolis,2023-03-01,2023,3,32.0,24.3,36.8,12.499999999999996,0.051,True,"snow, rain, overcast"
95,Minneapolis,2023-04-01,2023,4,31.7,25.3,38.6,13.3,0.198,True,"snow, rain, partially cloudy"
96,Minneapolis,2023-05-01,2023,5,48.9,41.7,56.4,14.699999999999996,0.0,False,partially cloudy
97,Minneapolis,2023-06-01,2023,6,78.6,71.8,88.5,16.700000000000003,0.058,True,"rain, partially cloudy"
98,Minneapolis,2023-07-01,2023,7,78.3,66.5,86.0,19.5,0.0,False,partially cloudy
99,Minneapolis,2023-08-01,2023,8,75.8,64.4,85.7,21.299999999999997,0.0,False,partially cloudy
100,Minneapolis,2023-09-01,2023,9,75.9,63.2,89.2,26.0,0.0,False,clear
101,Minneapolis,2023-10-01,2023,10,78.1,68.7,90.9,22.200000000000003,0.0,False,clear
102,Minneapolis,2023-11-01,2023,11,29.4,22.3,37.1,14.8,0.0,False,partially cloudy
103,Minneapolis,2023-12-01,2023,12,26.8,19.1,36.2,17.1,0.0,False,clear
104,Minneapolis,2024-01-01,2024,1,23.2,22.5,24.7,2.1999999999999993,0.0,False,partially cloudy
105,Minneapolis,2024-02-01,2024,2,37.8,28.0,49.6,21.6,0.0,False,partially cloudy
106,Minneapolis,2024-03-01,2024,3,46.9,37.1,58.5,21.4,0.0,False,clear
107,Minneapolis,2024-04-01,2024,4,38.9,32.1,44.1,12.0,0.0,False,partially cloudy
108,Minneapolis,2024-05-01,2024,5,56.4,50.2,63.7,13.5,0.0,False,partially cloudy
109,Minneapolis,2024-06-01,2024,6,67.6,61.3,75.5,14.200000000000003,0.144,True,"rain, partially cloudy"
110,Minneapolis,2024-07-01,2024,7,67.9,59.1,75.1,15.999999999999993,0.005,True,"rain, partially cloudy"
111,Minneapolis,2024-08-01,2024,8,70.6,66.4,75.5,9.099999999999994,0.857,True,"rain, partially cloudy"
112,Minneapolis,2024-09-01,2024,9,65.7,57.5,72.4,14.900000000000006,0.0,False,clear
113,Minneapolis,2024-10-01,2024,10,56.8,48.0,64.3,16.299999999999997,0.0,False,clear
114,Minneapolis,2024-11-01,2024,11,37.4,29.2,44.6,15.400000000000002,0.0,False,partially cloudy
115,Minneapolis,2024-12-01,2024,12,10.8,6.3,18.0,11.7,0.0,False,partially cloudy
116,Minneapolis,2025-01-01,2025,1,20.5,18.2,25.4,7.199999999999999,0.0,False,overcast
117,Minneapolis,2025-02-01,2025,2,27.7,25.6,30.8,5.199999999999999,0.0,False,partially cloudy
118,Minneapolis,2025-03-01,2025,3,19.2,12.1,26.1,14.000000000000002,0.0,False,clear
119,Minneapolis,2025-04-01,2025,4,34.2,28.8,40.1,11.3,0.156,True,"snow, rain, partially cloudy"
120,Minneapolis,2025-05-01,2025,5,58.0,52.4,64.0,11.600000000000001,0.754,True,"rain, partially cloudy"
121,Minneapolis,2025-06-01,2025,6,68.5,54.9,80.1,25.199999999999996,0.0,False,clear
122,Minneapolis,2025-07-01,2025,7,76.3,65.6,84.8,19.200000000000003,0.0,False,clear
244,ST Louis,2020-07-01,2020,7,73.4,68.2,78.4,10.200000000000003,0.045,True,"rain, partially cloudy"
245,ST Louis,2020-08-01,2020,8,69.5,66.2,75.3,9.099999999999994,0.018,True,"rain, partially cloudy"
246,ST Louis,2020-09-01,2020,9,70.3,64.9,75.0,10.099999999999994,0.491,True,"rain, partially cloudy"
247,ST Louis,2020-10-01,2020,10,56.4,47.0,67.9,20.900000000000006,0.0,False,clear
248,ST Louis,2020-11-01,2020,11,47.2,32.4,53.8,21.4,0.0,False,clear
249,ST Louis,2020-12-01,2020,12,30.2,22.8,41.2,18.400000000000002,0.0,False,clear
250,ST Louis,2021-01-01,2021,1,33.1,29.9,35.1,5.200000000000003,0.123,True,"snow, rain, overcast"
251,ST Louis,2021-02-01,2021,2,32.9,30.8,34.1,3.3000000000000007,0.0,False,overcast
252,ST Louis,2021-03-01,2021,3,39.4,30.0,50.0,20.0,0.0,False,clear
253,ST Louis,2021-04-01,2021,4,38.3,30.0,47.2,17.200000000000003,0.03,True,rain
254,ST Louis,2021-05-01,2021,5,68.3,52.5,84.9,32.400000000000006,0.0,False,clear
255,ST Louis,2021-06-01,2021,6,64.7,61.2,68.3,7.099999999999994,0.001,True,"rain, partially cloudy"
256,ST Louis,2021-07-01,2021,7,76.6,71.2,84.6,13.399999999999991,0.146,True,"rain, partially cloudy"
257,ST Louis,2021-08-01,2021,8,73.3,62.4,84.8,22.4,0.0,False,partially cloudy
258,ST Louis,2021-09-01,2021,9,73.4,67.0,83.0,16.0,0.177,True,"rain, partially cloudy"
259,ST Louis,2021-10-01,2021,10,72.0,61.8,82.9,21.10000000000001,0.0,False,partially cloudy
260,ST Louis,2021-11-01,2021,11,41.8,35.7,48.8,13.099999999999994,0.001,True,"rain, partially cloudy"
261,ST Louis,2021-12-01,2021,12,52.7,42.8,65.1,22.299999999999997,0.003,True,"rain, partially cloudy"
262,ST Louis,2022-01-01,2022,1,38.3,29.0,56.3,27.299999999999997,0.687,True,"snow, rain, overcast"
263,ST Louis,2022-02-01,2022,2,46.0,36.5,56.0,19.5,0.5,True,"rain, partially cloudy"
264,ST Louis,2022-03-01,2022,3,51.6,33.6,73.4,39.800000000000004,0.0,False,clear
265,ST Louis,2022-04-01,2022,4,41.7,33.7,51.1,17.4,0.0,False,partially cloudy
266,ST Louis,2022-05-01,2022,5,63.0,54.1,73.7,19.6,0.0,False,clear
267,ST Louis,2022-06-01,2022,6,74.3,69.2,80.2,11.0,0.517,True,"rain, partially cloudy"
268,ST Louis,2022-07-01,2022,7,84.6,71.9,95.2,23.299999999999997,0.0,False,partially cloudy
269,ST Louis,2022-08-01,2022,8,84.5,75.1,95.2,20.10000000000001,0.0,False,clear
270,ST Louis,2022-09-01,2022,9,72.2,58.0,86.0,28.0,0.0,False,clear
271,ST Louis,2022-10-01,2022,10,56.3,40.9,74.2,33.300000000000004,0.0,False,clear
272,ST Louis,2022-11-01,2022,11,55.7,42.1,74.2,32.1,0.0,False,clear
273,ST Louis,2022-12-01,2022,12,32.7,20.5,42.3,21.799999999999997,0.0,False,partially cloudy
274,ST Louis,2023-01-01,2023,1,54.0,45.9,64.0,18.1,0.0,False,partially cloudy
275,ST Louis,2023-02-01,2023,2,23.7,14.4,31.3,16.9,0.0,False,clear
276,ST Louis,2023-03-01,2023,3,51.9,38.1,65.1,26.999999999999993,0.0,False,clear
277,ST Louis,2023-04-01,2023,4,50.3,41.1,61.7,20.6,0.0,False,partially cloudy
278,ST Louis,2023-05-01,2023,5,56.8,48.8,63.2,14.400000000000006,0.0,False,partially cloudy
279,ST Louis,2023-06-01,2023,6,78.7,65.8,91.8,26.0,0.009,True,rain
280,ST Louis,2023-07-01,2023,7,78.0,71.9,94.7,22.799999999999997,0.641,True,"rain, partially cloudy"
281,ST Louis,2023-08-01,2023,8,75.9,70.3,84.1,13.799999999999997,0.176,True,"rain, partially cloudy"
282,ST Louis,2023-09-01,2023,9,68.3,53.8,83.9,30.10000000000001,0.0,False,clear
283,ST Louis,2023-10-01,2023,10,71.3,57.0,87.0,30.0,0.0,False,clear
284,ST Louis,2023-11-01,2023,11,36.4,26.4,47.9,21.5,0.0,False,clear
285,ST Louis,2023-12-01,2023,12,48.5,44.2,56.9,12.699999999999996,0.266,True,"rain, overcast"
286,ST Louis,2024-01-01,2024,1,34.3,33.1,36.0,2.8999999999999986,0.0,False,overcast
287,ST Louis,2024-02-01,2024,2,53.4,36.3,69.2,32.900000000000006,0.0,False,partially cloudy
288,ST Louis,2024-03-01,2024,3,40.5,31.8,48.8,16.999999999999996,0.062,True,"snow, rain, partially cloudy"
289,ST Louis,2024-04-01,2024,4,72.3,65.5,82.0,16.5,0.15,True,"rain, partially cloudy"
290,ST Louis,2024-05-01,2024,5,71.1,64.2,79.8,15.599999999999994,0.821,True,"rain, partially cloudy"
291,ST Louis,2024-06-01,2024,6,71.0,65.2,78.9,13.700000000000003,0.136,True,"rain, partially cloudy"
292,ST Louis,2024-07-01,2024,7,71.2,59.2,81.4,22.200000000000003,0.0,False,clear
293,ST Louis,2024-08-01,2024,8,84.6,75.8,93.0,17.200000000000003,0.033,True,"rain, partially cloudy"
294,ST Louis,2024-09-01,2024,9,76.2,62.9,88.9,26.000000000000007,0.0,False,partially cloudy
295,ST Louis,2024-10-01,2024,10,67.3,56.2,75.1,18.89999999999999,0.0,False,clear
296,ST Louis,2024-11-01,2024,11,49.1,38.0,62.8,24.799999999999997,0.0,False,clear
297,ST Louis,2024-12-01,2024,12,28.4,22.3,31.0,8.7,0.0,False,partially cloudy
298,ST Louis,2025-01-01,2025,1,35.1,28.3,40.4,12.099999999999998,0.0,False,partially cloudy
299,ST Louis,2025-02-01,2025,2,39.2,29.2,47.2,18.000000000000004,0.0,False,clear
300,ST Louis,2025-03-01,2025,3,38.2,27.1,50.0,22.9,0.0,False,clear
301,ST Louis,2025-04-01,2025,4,49.1,35.6,59.9,24.299999999999997,0.0,False,partially cloudy
302,ST Louis,2025-05-01,2025,5,68.2,63.1,75.7,12.600000000000001,0.384,True,"rain, partially cloudy"
303,ST Louis,2025-06-01,2025,6,71.0,59.9,82.1,22.199999999999996,0.0,False,clear
304,ST Louis,2025-07-01,2025,7,78.3,70.1,86.9,16.80000000000001,0.0,False,clear
